Kraj;Sprzedawca;Data zamowienia;idZamowienia;Utarg
Polska;Kowalski;2003-07-16;10248.0;440.0
Polska;Sowiński;2003-07-10;10249.0;1863.4
Niemcy;Peacock;2003-07-12;10250.0;1552.6
Niemcy;Leverling;2003-07-15;10251.0;654.06
Niemcy;Peacock;2003-07-11;10252.0;3597.9
Niemcy;Leverling;2003-07-16;10253.0;1444.8
Polska;Kowalski;2003-07-23;10254.0;556.62
Polska;Dudek;2003-07-15;10255.0;2490.5
Niemcy;Leverling;2003-07-17;10256.0;517.8
Niemcy;Peacock;2003-07-22;10257.0;1119.9
Niemcy;Davolio;2003-07-23;10258.0;1614.88
Niemcy;Peacock;2003-07-25;10259.0;100.8
Niemcy;Peacock;2003-07-29;10260.0;1504.65
Niemcy;Peacock;2003-07-30;10261.0;448.0
Niemcy;Callahan;2003-07-25;10262.0;584.0
Polska;Dudek;2003-07-31;;1873.8
Polska;Sowiński;2003-08-23;10264.0;695.62
Niemcy;Fuller;2003-08-12;10265.0;1176.0
Niemcy;Leverling;2003-07-31;10266.0;346.56
Niemcy;Peacock;2003-08-06;10267.0;3536.6
Niemcy;Callahan;2003-08-02;10268.0;
Polska;Kowalski;2003-08-09;10269.0;642.2
Niemcy;Davolio;2003-08-02;10270.0;1376.0
Polska;Sowiński;2003-08-30;10271.0;48.0
Polska;Sowiński;2003-08-06;10272.0;1456.0
;Leverling;2003-08-12;10273.0;2037.28
Polska;Sowiński;2003-08-16;10274.0;538.6
Niemcy;Davolio;2003-08-09;10275.0;291.84
Niemcy;Callahan;2003-08-14;10276.0;420.0
Niemcy;Fuller;2003-08-13;10277.0;1200.8
Niemcy;Callahan;2003-08-16;10278.0;1488.8
Niemcy;Callahan;2003-08-16;10279.0;351.0
Niemcy;Fuller;2003-09-12;10280.0;613.2
Niemcy;Peacock;2003-08-21;10281.0;86.5
Niemcy;Peacock;2003-08-21;10282.0;155.4
Niemcy;Leverling;2003-08-23;10283.0;1414.8
Niemcy;Peacock;2003-08-27;10284.0;1170.37
Niemcy;Davolio;2003-08-26;10285.0;1743.36
Niemcy;Callahan;2003-08-30;10286.0;3016.0
Niemcy;Callahan;2003-08-28;10287.0;819.0
Niemcy;Peacock;2003-09-03;;80.1
Polska;King;2003-08-28;10289.0;479.4
Niemcy;Callahan;2003-09-03;10290.0;2169.0
Polska;Sowiński;2003-09-04;10291.0;497.52
Niemcy;Davolio;2003-09-02;10292.0;1296.0
Niemcy;Davolio;2003-09-11;10293.0;848.7
Niemcy;Peacock;2003-09-05;10294.0;1887.6
Niemcy;Fuller;2003-09-10;10295.0;121.6
Polska;Sowiński;2003-09-11;10296.0;1050.6
Polska;Kowalski;2003-09-10;10297.0;1420.0
Polska;Sowiński;2003-09-11;10298.0;2645.0
Niemcy;Peacock;2003-09-13;10299.0;349.5
Niemcy;Fuller;2003-09-18;10300.0;608.0
Niemcy;Callahan;2003-09-17;10301.0;755.0
Niemcy;Peacock;2003-10-09;10302.0;2708.8
Polska;King;2003-09-18;10303.0;1117.8
Niemcy;Davolio;2003-09-17;10304.0;954.4
Niemcy;Callahan;2003-10-09;10305.0;3741.3
Niemcy;Davolio;2003-09-23;10306.0;498.5
Niemcy;Fuller;2003-09-25;10307.0;424.0
Polska;King;2003-09-24;10308.0;88.8
Niemcy;Leverling;2003-10-23;10309.0;1762.0
Niemcy;Callahan;2003-09-27;10310.0;336.0
Niemcy;Davolio;2003-09-26;10311.0;268.8
Niemcy;Fuller;2003-10-03;10312.0;1614.8
Niemcy;Fuller;2003-10-04;10313.0;182.4
Niemcy;Davolio;2003-10-04;10314.0;2094.3
Niemcy;Peacock;2003-10-03;10315.0;516.8
Niemcy;Davolio;2003-10-08;10316.0;2835.0
Polska;Sowiński;2003-10-10;10317.0;288.0
Niemcy;Callahan;2003-10-04;10318.0;240.4
Polska;King;2003-10-11;10319.0;1191.2
Polska;Kowalski;2003-10-18;10320.0;516.0
Niemcy;Leverling;2003-10-11;10321.0;144.0
Polska;King;2003-10-23;10322.0;112.0
Niemcy;Peacock;2003-10-14;10323.0;164.4
Polska;Dudek;2003-10-10;10324.0;5275.71
Niemcy;Davolio;2003-10-14;10325.0;
Niemcy;Peacock;2003-10-14;10326.0;982.0
Niemcy;Fuller;2003-10-14;10327.0;1810.0
Niemcy;Peacock;2003-10-17;10328.0;1168.0
Niemcy;Peacock;2003-10-23;10329.0;4578.43
Niemcy;Leverling;2003-10-28;10330.0;1649.0
Polska;Dudek;2003-10-21;10331.0;88.5
Niemcy;Leverling;2003-10-21;10332.0;1786.88
Polska;Kowalski;2003-10-25;10333.0;877.2
Niemcy;Callahan;2003-10-28;10334.0;144.8
Polska;King;2003-10-24;10335.0;2036.16
Polska;King;2003-10-25;10336.0;285.12
Niemcy;Peacock;2003-10-29;10337.0;2467.0
;Peacock;2003-10-29;10338.0;934.5
Niemcy;Fuller;2003-11-04;10339.0;3354.0
Niemcy;Davolio;2003-11-08;10340.0;2436.18
Polska;King;2003-11-05;10341.0;352.6
Niemcy;Peacock;2003-11-04;10342.0;1840.64
Niemcy;Peacock;2003-11-06;10343.0;1584.0
Niemcy;Peacock;2003-11-05;10344.0;2296.0
Niemcy;Fuller;2003-11-11;10345.0;2924.8
Niemcy;Leverling;2003-11-08;10346.0;1618.88
Niemcy;Peacock;2003-11-08;10347.0;814.42
Niemcy;Peacock;2003-11-15;10348.0;363.6
Polska;King;2003-11-15;10349.0;141.6
Polska;Sowiński;2003-12-03;10350.0;642.06
Niemcy;Davolio;2003-11-20;10351.0;5398.72
Niemcy;Leverling;2003-11-18;10352.0;136.3
Polska;King;2003-11-25;10353.0;8593.28
Niemcy;Callahan;2003-11-20;10354.0;568.8
Polska;Sowiński;2003-11-20;10355.0;480.0
Polska;Sowiński;2003-11-27;10356.0;1106.4
Niemcy;Davolio;2003-12-02;10357.0;1167.68
Polska;Kowalski;2003-11-27;10358.0;429.4
Polska;Kowalski;2003-11-26;10359.0;3471.68
Niemcy;Peacock;2003-12-02;10360.0;7390.2
Niemcy;Davolio;2003-12-03;10361.0;2046.24
Niemcy;Leverling;2003-11-28;10362.0;1549.6
Niemcy;Peacock;2003-12-04;10363.0;447.2
Niemcy;Davolio;2003-12-04;10364.0;950.0
Niemcy;Leverling;2003-12-02;10365.0;403.2
Niemcy;Callahan;2003-12-30;10366.0;136.0
Polska;King;2003-12-02;10367.0;834.2
Niemcy;Fuller;2003-12-02;;1689.78
Niemcy;Callahan;2003-12-09;10369.0;2390.4
Polska;Sowiński;2003-12-27;10370.0;1117.6
Niemcy;Davolio;2003-12-24;10371.0;72.96
Polska;Kowalski;2003-12-09;10372.0;9210.9
Niemcy;Peacock;2003-12-11;10373.0;1366.4
Niemcy;Davolio;2003-12-09;10374.0;459.0
Niemcy;Leverling;2003-12-09;10375.0;338.0
Niemcy;Davolio;2003-12-13;10376.0;399.0
Niemcy;Davolio;2003-12-13;10377.0;863.6
Polska;Kowalski;2003-12-19;10378.0;103.2
Niemcy;Fuller;2003-12-13;10379.0;863.28
Niemcy;Callahan;2004-01-16;10380.0;1313.82
Niemcy;Leverling;2003-12-13;10381.0;112.0
Niemcy;Peacock;2003-12-16;10382.0;2900.0
Niemcy;Callahan;2003-12-18;10383.0;899.0
Niemcy;Leverling;2003-12-20;10384.0;2222.4
Niemcy;Davolio;2003-12-23;10385.0;691.2
Polska;Dudek;2003-12-25;10386.0;166.0
Niemcy;Davolio;2003-12-20;10387.0;1058.4
Niemcy;Fuller;2003-12-20;10388.0;1228.8
Niemcy;Peacock;2003-12-24;10389.0;1832.8
Polska;Sowiński;2003-12-26;10390.0;2090.88
Niemcy;Leverling;2003-12-31;10391.0;86.4
Niemcy;Fuller;2004-01-01;10392.0;1440.0
Niemcy;Davolio;2004-01-03;10393.0;2556.95
Niemcy;Davolio;2004-01-03;10394.0;442.0
Polska;Sowiński;2004-01-03;10395.0;2122.92
Niemcy;Davolio;2004-01-06;10396.0;1903.8
Polska;Kowalski;2004-01-02;10397.0;716.72
Niemcy;Fuller;2004-01-09;10398.0;2505.6
Niemcy;Callahan;2004-01-08;10399.0;1765.6
Niemcy;Davolio;2004-01-16;10400.0;3063.0
Niemcy;Davolio;2004-01-10;10401.0;3868.6
Niemcy;Callahan;2004-01-10;10402.0;2713.5
Niemcy;Peacock;2004-01-09;10403.0;855.01
Niemcy;Fuller;2004-01-08;10404.0;1591.25
Niemcy;Davolio;2004-01-22;10405.0;400.0
Polska;King;2004-01-13;10406.0;1830.78
Niemcy;Fuller;2004-01-30;10407.0;1194.0
Niemcy;Callahan;2004-01-14;10408.0;1622.4
Niemcy;Leverling;2004-01-14;10409.0;319.2
Niemcy;Leverling;2004-01-15;10410.0;802.0
Polska;Dudek;2004-01-21;10411.0;966.8
Niemcy;Callahan;2004-01-15;10412.0;334.8
Niemcy;Leverling;2004-01-16;10413.0;2123.2
Niemcy;Fuller;2004-01-17;10414.0;224.83
Niemcy;Leverling;2004-01-24;10415.0;102.4
Niemcy;Callahan;2004-01-27;10416.0;720.0
Niemcy;Peacock;2004-01-28;10417.0;11188.4
Niemcy;Peacock;2004-01-24;10418.0;1814.8
Niemcy;Peacock;2004-01-30;10419.0;2097.6
Niemcy;Leverling;2004-01-27;10420.0;1707.84
Niemcy;Callahan;2004-01-27;10421.0;1194.27
Niemcy;Fuller;2004-01-31;10422.0;49.8
Polska;Sowiński;2004-02-24;10423.0;1020.0
Polska;King;2004-01-27;10424.0;9194.56
Polska;Sowiński;2004-02-14;10425.0;360.0
Niemcy;Peacock;2004-02-06;10426.0;338.2
Niemcy;Peacock;2004-03-03;10427.0;651.0
Polska;King;2004-02-04;10428.0;192.0
Niemcy;Leverling;2004-02-07;10429.0;1441.37
Niemcy;Peacock;2004-02-03;10430.0;4899.2
Niemcy;Peacock;2004-02-07;10431.0;1892.25
Niemcy;Leverling;2004-02-07;10432.0;485.0
Niemcy;Leverling;2004-03-04;10433.0;851.2
Niemcy;Leverling;2004-02-13;10434.0;321.12
Niemcy;Callahan;2004-02-07;10435.0;631.6
Niemcy;Leverling;2004-02-11;10436.0;1994.52
Niemcy;Callahan;2004-02-12;10437.0;393.0
Niemcy;Leverling;2004-02-14;10438.0;454.0
Polska;Sowiński;2004-02-10;10439.0;1078.0
Niemcy;Peacock;2004-02-28;10440.0;4924.13
Niemcy;Leverling;2004-03-14;10441.0;1755.0
Niemcy;Leverling;2004-02-18;10442.0;1792.0
Niemcy;Callahan;2004-02-14;10443.0;517.44
Niemcy;Leverling;2004-02-21;10444.0;1031.7
Niemcy;Leverling;2004-02-20;10445.0;174.9
Polska;Sowiński;2004-02-19;10446.0;246.24
Niemcy;Peacock;2004-03-07;10447.0;914.4
Niemcy;Peacock;2004-02-24;10448.0;
Niemcy;Leverling;2004-02-27;10449.0;1838.2
Niemcy;Callahan;2004-03-11;10450.0;425.12
Niemcy;Peacock;2004-03-12;10451.0;3849.66
Niemcy;Callahan;2004-02-26;10452.0;2018.5
Niemcy;Davolio;2004-02-26;10453.0;407.7
Niemcy;Peacock;2004-02-25;10454.0;331.2
Niemcy;Callahan;2004-03-03;10455.0;2684.0
Niemcy;Callahan;2004-02-28;10456.0;557.6
Niemcy;Fuller;2004-03-03;10457.0;1584.0
Polska;King;2004-03-04;10458.0;3891.0
Niemcy;Peacock;2004-02-28;10459.0;1659.2
Niemcy;Callahan;2004-03-03;10460.0;176.1
Niemcy;Davolio;2004-03-05;10461.0;1538.7
Niemcy;Fuller;2004-03-18;10462.0;156.0
Polska;Kowalski;2004-03-06;10463.0;713.3
Niemcy;Peacock;2004-03-14;10464.0;1609.28
Niemcy;Davolio;2004-03-14;10465.0;2518.0
Niemcy;Peacock;2004-03-13;10466.0;216.0
Niemcy;Callahan;2004-03-11;10467.0;235.2
Niemcy;Leverling;2004-03-12;10468.0;717.6
Niemcy;Davolio;2004-03-14;10469.0;956.67
Niemcy;Peacock;2004-03-14;10470.0;1820.8
Niemcy;Fuller;2004-03-18;10471.0;1328.0
Niemcy;Callahan;2004-03-19;10472.0;1036.8
Niemcy;Davolio;2004-03-21;10473.0;230.4
Polska;Kowalski;2004-03-21;10474.0;1249.1
Polska;Dudek;2004-04-04;10475.0;1505.18
Niemcy;Callahan;2004-03-24;10476.0;180.48
Polska;Kowalski;2004-03-25;10477.0;558.0
Niemcy;Fuller;2004-03-26;10478.0;471.2
Niemcy;Leverling;2004-03-21;10479.0;10495.6
Polska;Sowiński;2004-03-24;10480.0;756.0
Niemcy;Callahan;2004-03-25;10481.0;1472.0
Niemcy;Davolio;2004-04-10;10482.0;147.0
Polska;King;2004-04-25;10483.0;668.8
Niemcy;Leverling;2004-04-01;10484.0;386.2
Niemcy;Peacock;2004-03-31;10485.0;1584.0
Niemcy;Davolio;2004-04-02;10486.0;1272.0
Niemcy;Fuller;2004-03-28;10487.0;889.7
Niemcy;Callahan;2004-04-02;10488.0;1512.0
Polska;Sowiński;2004-04-09;10489.0;439.2
Polska;King;2004-04-03;10490.0;3163.2
Niemcy;Callahan;2004-04-08;10491.0;259.5
Niemcy;Leverling;2004-04-11;10492.0;851.2
Niemcy;Peacock;2004-04-10;10493.0;608.4
Niemcy;Peacock;2004-04-09;10494.0;912.0
Niemcy;Leverling;2004-04-11;10495.0;278.0
Polska;King;2004-04-07;10496.0;190.0
Polska;King;2004-04-07;10497.0;1380.6
Niemcy;Callahan;2004-04-11;10498.0;575.0
Niemcy;Peacock;2004-04-16;10499.0;1412.0
Polska;Sowiński;2004-04-17;10500.0;523.26
Polska;Dudek;2004-04-16;10501.0;149.0
Niemcy;Fuller;2004-04-29;10502.0;816.3
Polska;Sowiński;2004-04-16;10503.0;2048.5
Niemcy;Peacock;2004-04-18;10504.0;1388.5
Niemcy;Leverling;2004-04-21;10505.0;147.9
Polska;Dudek;2004-05-02;10506.0;415.8
Polska;King;2004-04-22;10507.0;749.06
Niemcy;Davolio;2004-05-13;10508.0;240.0
Niemcy;Peacock;2004-04-29;10509.0;136.8
Polska;Sowiński;2004-04-28;10510.0;4707.54
Niemcy;Peacock;2004-04-21;10511.0;2550.0
Polska;King;2004-04-24;10512.0;525.3
Polska;King;2004-04-28;10513.0;1942.0
Niemcy;Leverling;2004-05-16;10514.0;8623.45
Niemcy;Fuller;2004-05-23;10515.0;9921.3
Niemcy;Fuller;2004-05-01;10516.0;2381.05
Niemcy;Leverling;2004-04-29;10517.0;352.0
Niemcy;Peacock;2004-05-05;10518.0;4150.05
Polska;Sowiński;2004-05-01;10519.0;2314.2
Polska;King;2004-05-01;10520.0;200.0
Niemcy;Callahan;2004-05-02;10521.0;225.5
Niemcy;Peacock;2004-05-06;10522.0;2318.24
Polska;King;2004-05-30;10523.0;2444.31
Niemcy;Davolio;2004-05-07;10524.0;3192.65
Niemcy;Davolio;2004-05-23;10525.0;818.4
Niemcy;Peacock;2004-05-15;10526.0;1151.4
Polska;King;2004-05-07;10527.0;1503.0
Polska;Sowiński;2004-05-09;10528.0;392.2
Polska;Kowalski;2004-05-09;10529.0;946.0
Niemcy;Leverling;2004-05-12;10530.0;4180.0
Polska;King;2004-05-19;10531.0;110.0
Polska;King;2004-05-12;10532.0;796.35
Niemcy;Callahan;2004-05-22;10533.0;2222.2
Niemcy;Callahan;2004-05-14;10534.0;465.7
Niemcy;Peacock;2004-05-21;10535.0;1940.85
Niemcy;Leverling;2004-06-06;10536.0;1645.0
Niemcy;Davolio;2004-05-19;10537.0;1823.8
Polska;Dudek;2004-05-16;10538.0;139.8
Polska;Sowiński;2004-05-23;10539.0;355.5
Niemcy;Leverling;2004-06-13;10540.0;10191.7
Niemcy;Fuller;2004-05-29;10541.0;1946.52
Niemcy;Davolio;2004-05-26;10542.0;469.11
Niemcy;Callahan;2004-05-23;10543.0;1504.5
Niemcy;Peacock;2004-05-30;10544.0;417.2
Niemcy;Callahan;2004-06-26;10545.0;210.0
Niemcy;Davolio;2004-05-27;10546.0;2812.0
Niemcy;Leverling;2004-06-02;10547.0;1792.8
Niemcy;Leverling;2004-06-02;;240.1
Polska;Kowalski;2004-05-30;10549.0;3554.27
Polska;King;2004-06-06;10550.0;683.3
Niemcy;Peacock;2004-06-06;10551.0;1677.3
Niemcy;Fuller;2004-06-05;10552.0;880.5
Niemcy;Fuller;2004-06-03;10553.0;1546.3
Niemcy;Peacock;2004-06-05;10554.0;1728.52
Polska;Sowiński;2004-06-04;10555.0;2944.4
Niemcy;Fuller;2004-06-13;10556.0;835.2
Polska;Dudek;2004-06-06;10557.0;1152.5
Niemcy;Davolio;2004-06-10;10558.0;2142.9
Polska;Sowiński;2004-06-13;10559.0;520.41
Niemcy;Callahan;2004-06-09;10560.0;1072.42
Niemcy;Fuller;2004-06-09;10561.0;2844.5
Niemcy;Davolio;2004-06-12;10562.0;488.7
Niemcy;Fuller;2004-06-24;10563.0;965.0
Niemcy;Peacock;2004-06-16;10564.0;1234.05
Niemcy;Callahan;2004-06-18;10565.0;639.9
Polska;Dudek;2004-06-18;10566.0;1761.0
Niemcy;Davolio;2004-06-17;10567.0;2519.0
Niemcy;Leverling;2004-07-09;10568.0;155.0
Polska;Kowalski;2004-07-11;10569.0;890.0
Niemcy;Leverling;2004-06-19;10570.0;2465.25
Niemcy;Callahan;2004-07-04;10571.0;550.59
Niemcy;Leverling;2004-06-25;10572.0;1501.08
Polska;King;2004-06-20;10573.0;2082.0
Niemcy;Peacock;2004-06-30;10574.0;764.3
Polska;Kowalski;2004-06-30;10575.0;2147.4
Niemcy;Leverling;2004-06-30;10576.0;838.45
Polska;Dudek;2004-06-30;10577.0;569.0
Niemcy;Peacock;2004-07-25;10578.0;477.0
Niemcy;Davolio;2004-07-04;10579.0;317.75
Niemcy;Peacock;2004-07-01;10580.0;1013.74
Niemcy;Leverling;2004-07-02;10581.0;310.0
Niemcy;Leverling;2004-07-14;10582.0;330.0
Niemcy;Fuller;2004-07-04;10583.0;2237.5
Niemcy;Peacock;2004-07-04;10584.0;593.75
Polska;King;2004-07-10;10585.0;142.5
Polska;Dudek;2004-07-09;10586.0;23.8
Niemcy;Davolio;2004-07-09;10587.0;807.38
Niemcy;Fuller;2004-07-10;10588.0;3120.0
Niemcy;Callahan;2004-07-14;10589.0;72.0
Niemcy;Peacock;2004-07-14;10590.0;1101.0
Niemcy;Davolio;2004-07-16;10591.0;812.5
Niemcy;Leverling;2004-07-16;10592.0;516.46
Polska;King;2004-08-13;10593.0;1994.4
Niemcy;Leverling;2004-07-16;10594.0;565.5
Niemcy;Fuller;2004-07-14;10595.0;4725.0
Niemcy;Callahan;2004-08-12;10596.0;1180.88
Polska;King;2004-07-18;10597.0;718.08
Niemcy;Davolio;2004-07-18;10598.0;2388.5
Polska;Sowiński;2004-07-21;10599.0;493.0
Niemcy;Peacock;2004-07-21;10600.0;479.8
Polska;King;2004-07-22;10601.0;2285.0
Niemcy;Callahan;2004-07-22;10602.0;48.75
Niemcy;Callahan;2004-08-08;10603.0;1483.0
Niemcy;Davolio;2004-07-29;10604.0;230.85
Niemcy;Davolio;2004-07-29;10605.0;4109.69
Niemcy;Peacock;2004-07-31;10606.0;1130.4
Polska;Kowalski;2004-07-25;10607.0;6475.4
Niemcy;Peacock;2004-08-01;10608.0;1064.0
Polska;King;2004-07-30;10609.0;424.0
Niemcy;Callahan;2004-08-06;10610.0;299.25
Polska;Sowiński;2004-08-01;10611.0;808.0
Niemcy;Davolio;2004-08-01;10612.0;6375.0
Niemcy;Peacock;2004-08-01;10613.0;353.2
Niemcy;Callahan;2004-08-01;10614.0;464.0
Niemcy;Fuller;2004-08-06;10615.0;120.0
Niemcy;Davolio;2004-08-05;10616.0;4806.99
Niemcy;Peacock;2004-08-04;10617.0;1402.5
Niemcy;Davolio;2004-08-08;10618.0;2697.5
Niemcy;Leverling;2004-08-07;10619.0;1260.0
Niemcy;Fuller;2004-08-14;10620.0;57.5
Niemcy;Peacock;2004-08-11;10621.0;758.5
Niemcy;Peacock;2004-08-11;10622.0;560.0
Niemcy;Callahan;2004-08-12;10623.0;1336.95
Niemcy;Peacock;2004-08-19;10624.0;1393.24
Niemcy;Leverling;2004-08-14;10625.0;479.75
Niemcy;Davolio;2004-08-20;10626.0;1503.6
Niemcy;Callahan;2004-08-21;10627.0;1185.75
Niemcy;Peacock;2004-08-20;10628.0;450.0
Niemcy;Peacock;2004-08-20;10629.0;2775.05
Niemcy;Davolio;2004-08-19;10630.0;903.6
Niemcy;Callahan;2004-08-15;10631.0;55.8
Niemcy;Callahan;2004-08-19;10632.0;589.0
Polska;King;2004-08-18;10633.0;5510.59
Niemcy;Peacock;2004-08-21;10634.0;4985.5
Niemcy;Callahan;2004-08-21;10635.0;1326.22
Niemcy;Peacock;2004-08-26;10636.0;629.5
Polska;Sowiński;2004-08-26;10637.0;2761.94
Niemcy;Leverling;2004-09-01;10638.0;2720.05
Polska;King;2004-08-27;10639.0;500.0
Niemcy;Peacock;2004-08-28;10640.0;708.75
Niemcy;Peacock;2004-08-26;10641.0;2054.0
Polska;King;2004-09-05;10642.0;696.0
Polska;Sowiński;2004-09-02;10643.0;814.5
Niemcy;Leverling;2004-09-01;10644.0;1371.8
Niemcy;Peacock;2004-09-02;10645.0;1535.0
Polska;Dudek;2004-09-03;10646.0;1446.0
Niemcy;Peacock;2004-09-03;10647.0;636.0
Polska;Kowalski;2004-09-09;10648.0;372.37
Polska;Kowalski;2004-08-29;10649.0;1434.0
Polska;Kowalski;2004-09-03;10650.0;1779.2
Niemcy;Callahan;2004-09-11;10651.0;397.8
Niemcy;Peacock;2004-09-08;10652.0;318.84
Niemcy;Davolio;2004-09-19;10653.0;1083.15
Polska;Kowalski;2004-09-11;10654.0;601.83
Niemcy;Davolio;2004-09-11;10655.0;154.4
Polska;Sowiński;2004-09-10;10656.0;604.21
Niemcy;Fuller;2004-09-15;10657.0;4371.6
Niemcy;Peacock;2004-09-08;10658.0;4464.6
Polska;King;2004-09-10;10659.0;1227.02
Niemcy;Callahan;2004-10-15;10660.0;1701.0
Polska;King;2004-09-15;10661.0;562.6
Niemcy;Leverling;2004-09-18;10662.0;125.0
Niemcy;Fuller;2004-10-03;10663.0;1930.4
Niemcy;Davolio;2004-09-19;10664.0;1288.39
Niemcy;Davolio;2004-09-17;10665.0;1295.0
Polska;King;2004-09-22;10666.0;4666.94
Polska;King;2004-09-19;10667.0;1536.8
Niemcy;Davolio;2004-09-23;10668.0;625.27
Niemcy;Fuller;2004-09-22;10669.0;570.0
Niemcy;Peacock;2004-09-18;10670.0;2301.75
Niemcy;Davolio;2004-09-24;10671.0;920.1
Polska;Dudek;2004-09-26;10672.0;3815.25
Niemcy;Fuller;2004-09-19;10673.0;412.35
Niemcy;Peacock;2004-09-30;10674.0;45.0
Polska;Kowalski;2004-09-23;10675.0;1423.0
Niemcy;Fuller;2004-09-29;10676.0;534.85
Niemcy;Davolio;2004-09-26;10677.0;813.36
Polska;King;2004-10-16;10678.0;5256.5
Niemcy;Callahan;2004-09-30;10679.0;660.0
Niemcy;Davolio;2004-09-26;10680.0;1261.88
Niemcy;Leverling;2004-09-30;10681.0;1287.4
Niemcy;Leverling;2004-10-01;10682.0;375.5
Niemcy;Fuller;2004-10-01;10683.0;63.0
Niemcy;Leverling;2004-09-30;10684.0;1768.0
Niemcy;Peacock;2004-10-03;10685.0;801.1
Niemcy;Fuller;2004-10-08;10686.0;1404.45
Polska;Dudek;2004-10-30;10687.0;4960.9
Niemcy;Peacock;2004-10-07;10688.0;3160.6
Niemcy;Davolio;2004-10-07;10689.0;472.5
Niemcy;Davolio;2004-10-03;10690.0;862.5
Niemcy;Fuller;2004-10-22;10691.0;10164.8
Niemcy;Peacock;2004-10-13;10692.0;878.0
Niemcy;Leverling;2004-10-10;10693.0;2071.2
Niemcy;Callahan;2004-10-09;10694.0;4825.0
Polska;King;2004-10-14;10695.0;642.0
Niemcy;Callahan;2004-10-14;10696.0;996.0
Niemcy;Leverling;2004-10-14;10697.0;805.43
Niemcy;Peacock;2004-10-17;10698.0;3436.45
Niemcy;Leverling;2004-10-13;10699.0;114.0
Niemcy;Leverling;2004-10-16;10700.0;1638.4
Polska;Sowiński;2004-10-15;10701.0;2864.5
Niemcy;Peacock;2004-10-21;10702.0;330.0
Polska;Sowiński;2004-10-20;10703.0;2545.0
Polska;Sowiński;2004-11-07;10704.0;595.5
Polska;Dudek;2004-11-18;10705.0;378.0
Niemcy;Callahan;2004-10-21;10706.0;1893.0
Niemcy;Peacock;2004-10-23;10707.0;1641.0
Polska;Sowiński;2004-11-05;10708.0;180.4
Niemcy;Davolio;2004-11-20;10709.0;3424.0
Niemcy;Davolio;2004-10-23;10710.0;93.5
Polska;Kowalski;2004-10-29;10711.0;4451.7
Niemcy;Leverling;2004-10-31;10712.0;1233.48
Niemcy;Davolio;2004-10-24;10713.0;2827.9
Polska;Kowalski;2004-10-27;10714.0;2205.75
Niemcy;Leverling;2004-10-29;10715.0;1296.0
Niemcy;Peacock;2004-10-27;10716.0;706.0
Niemcy;Davolio;2004-10-29;10717.0;1270.75
Niemcy;Davolio;2004-10-29;10718.0;3463.0
Niemcy;Callahan;2004-11-05;10719.0;844.25
Niemcy;Callahan;2004-11-05;10720.0;550.0
Polska;Kowalski;2004-10-31;10721.0;923.87
Niemcy;Callahan;2004-11-04;10722.0;1570.0
Niemcy;Leverling;2004-11-25;10723.0;468.45
Niemcy;Callahan;2004-11-05;10724.0;638.5
Niemcy;Peacock;2004-11-05;10725.0;287.8
Niemcy;Peacock;2004-12-05;10726.0;655.0
Niemcy;Fuller;2004-12-05;10727.0;1624.5
Niemcy;Peacock;2004-11-11;10728.0;1296.75
Niemcy;Callahan;2004-11-14;10729.0;1850.0
Polska;Kowalski;2004-11-14;10730.0;484.25
Polska;King;2004-11-14;10731.0;1890.5
Niemcy;Leverling;2004-11-07;10732.0;360.0
Niemcy;Davolio;2004-11-10;10733.0;1459.0
Niemcy;Fuller;2004-11-12;10734.0;1498.35
Polska;Sowiński;2004-11-21;10735.0;536.4
Polska;Dudek;2004-11-21;10736.0;997.0
Niemcy;Fuller;2004-11-18;10737.0;139.8
Niemcy;Fuller;2004-11-18;10738.0;52.35
Niemcy;Leverling;2004-11-17;10739.0;240.0
Niemcy;Peacock;2004-11-25;10740.0;1416.0
Niemcy;Peacock;2004-11-18;10741.0;228.0
Niemcy;Leverling;2004-11-18;10742.0;3118.0
Niemcy;Davolio;2004-11-21;10743.0;319.2
Polska;Sowiński;2004-11-24;10744.0;736.0
Polska;Dudek;2004-11-27;10745.0;4529.8
Niemcy;Davolio;2004-11-21;10746.0;2311.7
Polska;Sowiński;2004-11-26;10747.0;1912.85
Niemcy;Leverling;2004-11-28;10748.0;2196.0
Niemcy;Peacock;2004-12-19;10749.0;1080.0
Polska;Dudek;2004-11-24;10750.0;1590.56
Niemcy;Leverling;2004-12-03;10751.0;1631.48
Niemcy;Fuller;2004-11-28;10752.0;252.0
Niemcy;Leverling;2004-11-27;10753.0;88.0
Polska;Sowiński;2004-11-27;10754.0;55.2
Niemcy;Peacock;2004-11-28;10755.0;1948.5
Niemcy;Callahan;2004-12-02;10756.0;1990.0
Polska;Sowiński;2004-12-15;10757.0;3082.0
Niemcy;Leverling;2004-12-04;10758.0;1644.6
Niemcy;Leverling;2004-12-12;10759.0;320.0
Niemcy;Peacock;2004-12-10;10760.0;2917.0
Polska;Kowalski;2004-12-08;10761.0;507.0
Niemcy;Leverling;2004-12-09;10762.0;4337.0
Niemcy;Leverling;2004-12-08;10763.0;616.0
Polska;Sowiński;2004-12-08;10764.0;2286.0
Niemcy;Leverling;2004-12-09;10765.0;1515.6
Niemcy;Peacock;2004-12-09;10766.0;2310.0
Niemcy;Peacock;2004-12-15;10767.0;28.0
Niemcy;Leverling;2004-12-15;10768.0;1477.0
Niemcy;Leverling;2004-12-12;10769.0;1684.27
Niemcy;Callahan;2004-12-17;10770.0;236.25
Polska;Dudek;2004-01-02;10771.0;344.0
Niemcy;Leverling;2004-12-19;10772.0;3603.22
Niemcy;Davolio;2004-12-16;10773.0;2030.4
Niemcy;Peacock;2004-12-12;10774.0;868.75
Polska;King;2004-12-26;10775.0;228.0
Niemcy;Davolio;2004-12-18;10776.0;6635.27
Polska;King;2005-01-21;10777.0;224.0
Niemcy;Leverling;2004-12-24;10778.0;96.5
Niemcy;Leverling;2005-01-14;10779.0;1335.0
Niemcy;Fuller;2004-12-25;10780.0;720.0
Niemcy;Fuller;2004-12-19;10781.0;975.88
Polska;Dudek;2004-12-22;10782.0;12.5
Niemcy;Peacock;2004-12-19;10783.0;1442.5
Niemcy;Peacock;2004-12-22;10784.0;1488.0
Niemcy;Davolio;2004-12-24;10785.0;387.5
Niemcy;Callahan;2004-12-23;10786.0;1531.08
Niemcy;Fuller;2004-12-26;10787.0;2622.76
Niemcy;Davolio;2005-01-19;10788.0;731.5
Niemcy;Davolio;2004-12-31;10789.0;3687.0
Polska;Sowiński;2004-12-26;10790.0;722.5
Polska;Sowiński;2005-01-01;10791.0;1829.76
Niemcy;Davolio;2004-12-31;10792.0;399.85
Niemcy;Leverling;2005-01-08;10793.0;191.1
Polska;Sowiński;2005-01-02;10794.0;314.76
Niemcy;Callahan;2005-01-20;10795.0;2158.0
Niemcy;Leverling;2005-01-14;10796.0;2341.36
Polska;King;2005-01-05;10797.0;420.0
Niemcy;Fuller;2005-01-05;10798.0;446.6
Polska;Dudek;2005-01-05;10799.0;1553.5
Niemcy;Davolio;2005-01-05;10800.0;1468.93
Niemcy;Peacock;2004-12-31;10801.0;3026.85
Niemcy;Peacock;2005-01-02;10802.0;2942.81
Niemcy;Peacock;2005-01-06;10803.0;1193.01
Polska;Sowiński;2005-01-07;10804.0;2278.4
Niemcy;Fuller;2005-01-09;10805.0;2775.0
Niemcy;Leverling;2005-01-05;10806.0;439.6
Niemcy;Peacock;2005-01-30;10807.0;18.4
Niemcy;Fuller;2005-01-09;10808.0;1411.0
Polska;King;2005-01-07;10809.0;140.0
Niemcy;Fuller;2005-01-07;10810.0;187.0
Niemcy;Callahan;2005-01-08;10811.0;852.0
Polska;Kowalski;2005-01-12;10812.0;1692.8
Niemcy;Davolio;2005-01-09;10813.0;602.4
Niemcy;Leverling;2005-01-14;10814.0;1788.45
Niemcy;Fuller;2005-01-14;10815.0;40.0
Niemcy;Peacock;2005-02-04;10816.0;8446.45
Niemcy;Leverling;2005-01-13;10817.0;10952.84
Polska;King;2005-01-12;10818.0;833.0
Niemcy;Fuller;2005-01-16;10819.0;477.0
Niemcy;Leverling;2005-01-13;10820.0;1140.0
Niemcy;Davolio;2005-01-15;10821.0;678.0
Polska;Sowiński;2005-01-16;10822.0;237.9
Polska;Kowalski;2005-01-13;10823.0;2826.0
Niemcy;Callahan;2005-01-30;10824.0;250.8
Niemcy;Davolio;2005-01-14;10825.0;1030.76
Polska;Sowiński;2005-02-06;10826.0;730.0
Niemcy;Davolio;2005-02-06;10827.0;843.0
Polska;Dudek;2005-02-04;10828.0;932.0
Polska;Dudek;2005-01-23;10829.0;1764.0
Niemcy;Peacock;2005-01-21;10830.0;1974.0
Niemcy;Leverling;2005-01-23;10831.0;2684.4
Niemcy;Fuller;2005-01-19;10832.0;475.11
Polska;Sowiński;2005-01-23;10833.0;906.93
Niemcy;Davolio;2005-01-19;10834.0;1432.71
Niemcy;Davolio;2005-01-21;10835.0;845.8
Polska;King;2005-01-21;10836.0;4705.5
Polska;Dudek;2005-01-23;10837.0;1064.5
Niemcy;Leverling;2005-01-23;10838.0;1938.38
Niemcy;Leverling;2005-01-22;10839.0;827.55
Niemcy;Peacock;2005-02-16;10840.0;211.2
Polska;Kowalski;2005-01-29;10841.0;4581.0
Niemcy;Davolio;2005-01-29;10842.0;975.0
Niemcy;Peacock;2005-01-26;10843.0;159.0
Niemcy;Callahan;2005-01-26;10844.0;735.0
Niemcy;Callahan;2005-01-30;10845.0;3812.7
Niemcy;Fuller;2005-01-23;10846.0;1112.0
Niemcy;Peacock;2005-02-10;10847.0;4931.92
Polska;King;2005-01-29;10848.0;931.5
Polska;Dudek;2005-01-30;10849.0;967.82
Niemcy;Davolio;2005-01-30;10850.0;629.0
Polska;Kowalski;2005-02-02;10851.0;2603.0
Niemcy;Callahan;2005-01-30;10852.0;2984.0
Polska;Dudek;2005-02-03;10853.0;625.0
Niemcy;Leverling;2005-02-05;10854.0;2966.5
Niemcy;Leverling;2005-02-04;10855.0;2227.89
Niemcy;Leverling;2005-02-10;10856.0;660.0
Niemcy;Callahan;2005-02-06;10857.0;2048.22
Niemcy;Fuller;2005-02-03;10858.0;649.0
Niemcy;Davolio;2005-02-02;10859.0;1078.69
Niemcy;Leverling;2005-02-04;10860.0;519.0
Niemcy;Peacock;2005-02-17;10861.0;3523.4
Niemcy;Callahan;2005-02-02;10862.0;581.0
Niemcy;Peacock;2005-02-17;10863.0;441.15
Niemcy;Peacock;2005-02-09;10864.0;282.0
Niemcy;Fuller;2005-02-12;10865.0;16387.5
Polska;Kowalski;2005-02-12;10866.0;1096.2
Polska;Sowiński;2005-02-11;10867.0;98.4
Polska;King;2005-02-23;10868.0;1920.6
Polska;Kowalski;2005-02-09;10869.0;1630.0
Polska;Kowalski;2005-02-13;10870.0;160.0
Polska;Dudek;2005-02-10;10871.0;1979.23
Polska;Kowalski;2005-02-09;10872.0;2058.46
Niemcy;Peacock;2005-02-09;10873.0;336.8
Polska;Kowalski;2005-02-11;10874.0;310.0
Niemcy;Peacock;2005-03-03;10875.0;709.55
Polska;King;2005-02-12;10876.0;917.0
Niemcy;Davolio;2005-02-19;10877.0;1955.13
Niemcy;Peacock;2005-02-12;10878.0;1539.0
Niemcy;Leverling;2005-02-12;10879.0;611.3
Polska;King;2005-02-18;10880.0;1500.0
Niemcy;Peacock;2005-02-18;10881.0;150.0
Niemcy;Peacock;2005-02-20;10882.0;892.64
Niemcy;Callahan;2005-02-20;10883.0;36.0
Niemcy;Peacock;2005-02-13;10884.0;1378.07
Polska;Sowiński;2005-02-18;10885.0;1209.0
Niemcy;Davolio;2005-03-02;10886.0;3127.5
Niemcy;Callahan;2005-02-16;10887.0;70.0
Niemcy;Davolio;2005-02-23;10888.0;605.0
Polska;Dudek;2005-02-23;10889.0;11380.0
Polska;King;2005-02-18;10890.0;860.1
Polska;King;2005-02-19;10891.0;368.93
Niemcy;Peacock;2005-02-19;10892.0;2090.0
Polska;Dudek;2005-02-20;10893.0;5502.11
Niemcy;Davolio;2005-02-20;10894.0;2753.1
Niemcy;Leverling;2005-02-23;10895.0;6379.4
Polska;King;2005-02-27;10896.0;750.5
Niemcy;Leverling;2005-02-25;10897.0;10835.24
Niemcy;Peacock;2005-03-06;10898.0;30.0
Polska;Kowalski;2005-02-26;10899.0;122.4
Niemcy;Davolio;2005-03-04;10900.0;33.75
Niemcy;Peacock;2005-02-26;10901.0;934.5
Niemcy;Davolio;2005-03-03;10902.0;863.43
Niemcy;Leverling;2005-03-04;10903.0;932.05
Niemcy;Leverling;2005-02-27;10904.0;1924.25
Polska;Dudek;2005-03-06;10905.0;342.0
Niemcy;Peacock;2005-03-03;10906.0;427.5
Polska;Sowiński;2005-02-27;10907.0;108.5
Niemcy;Peacock;2005-03-06;10908.0;663.1
Niemcy;Davolio;2005-03-10;10909.0;670.0
Niemcy;Davolio;2005-03-04;10910.0;452.9
Niemcy;Leverling;2005-03-05;10911.0;858.0
Niemcy;Fuller;2005-03-18;10912.0;6200.55
Niemcy;Peacock;2005-03-04;10913.0;768.75
Polska;Sowiński;2005-03-02;10914.0;537.5
Niemcy;Fuller;2005-03-02;10915.0;539.5
Niemcy;Davolio;2005-03-09;10916.0;686.7
Niemcy;Peacock;2005-03-11;10917.0;365.89
Niemcy;Leverling;2005-03-11;10918.0;1447.5
Niemcy;Fuller;2005-03-04;10919.0;1122.8
Niemcy;Peacock;2005-03-09;10920.0;390.0
Niemcy;Davolio;2005-03-09;10921.0;1936.0
Polska;Kowalski;2005-03-05;10922.0;742.5
Polska;King;2005-03-13;10923.0;748.8
Niemcy;Leverling;2005-04-08;10924.0;1835.7
Niemcy;Leverling;2005-03-13;10925.0;475.15
Niemcy;Peacock;2005-03-11;10926.0;514.4
Niemcy;Peacock;2005-04-08;10927.0;800.0
Niemcy;Davolio;2005-03-18;10928.0;137.5
Polska;Sowiński;2005-03-12;10929.0;1174.75
Niemcy;Peacock;2005-03-18;10930.0;2255.5
Niemcy;Peacock;2005-03-19;10931.0;799.2
Niemcy;Callahan;2005-03-24;10932.0;1788.63
Polska;Sowiński;2005-03-16;10933.0;920.6
Niemcy;Leverling;2005-03-12;10934.0;500.0
Niemcy;Peacock;2005-03-18;10935.0;619.5
Niemcy;Leverling;2005-03-18;10936.0;456.0
Polska;King;2005-03-13;10937.0;644.8
Niemcy;Leverling;2005-03-16;10938.0;2731.87
Niemcy;Fuller;2005-03-13;10939.0;637.5
Niemcy;Callahan;2005-03-23;10940.0;360.0
Polska;King;2005-03-20;10941.0;4011.75
Polska;Dudek;2005-03-18;10942.0;560.0
Niemcy;Peacock;2005-03-19;10943.0;711.0
Polska;Sowiński;2005-03-13;10944.0;1025.33
Niemcy;Peacock;2005-03-18;10945.0;245.0
Niemcy;Davolio;2005-03-19;10946.0;1407.5
Niemcy;Leverling;2005-03-16;10947.0;220.0
Niemcy;Leverling;2005-03-19;10948.0;2362.25
Niemcy;Fuller;2005-03-17;10949.0;4422.0
Niemcy;Davolio;2005-03-23;10950.0;110.0
Polska;Dudek;2005-04-07;10951.0;458.74
Niemcy;Davolio;2005-03-24;10952.0;471.2
Polska;Dudek;2005-03-25;10953.0;4441.25
Polska;Kowalski;2005-03-20;10954.0;1659.53
Niemcy;Callahan;2005-03-20;10955.0;74.4
Polska;Sowiński;2005-03-20;10956.0;677.0
Niemcy;Callahan;2005-03-27;10957.0;1762.7
Polska;King;2005-03-27;10958.0;781.0
Polska;Sowiński;2005-03-23;10959.0;131.75
Niemcy;Leverling;2005-04-08;10960.0;265.35
Niemcy;Callahan;2005-03-30;10961.0;1119.9
Niemcy;Callahan;2005-03-23;10962.0;3584.0
Polska;Dudek;2005-03-26;10963.0;57.8
Niemcy;Leverling;2005-03-24;10964.0;2052.5
Polska;Sowiński;2005-03-30;10965.0;848.0
Niemcy;Peacock;2005-04-08;10966.0;1098.46
Niemcy;Fuller;2005-04-02;10967.0;910.4
Niemcy;Davolio;2005-04-01;10968.0;1408.0
Niemcy;Davolio;2005-03-30;10969.0;108.0
Polska;Dudek;2005-04-24;10970.0;224.0
Niemcy;Fuller;2005-04-02;10971.0;1733.06
Niemcy;Peacock;2005-03-26;10972.0;251.5
Polska;Sowiński;2005-03-27;10973.0;291.55
Niemcy;Leverling;2005-04-03;10974.0;439.0
Niemcy;Davolio;2005-03-27;10975.0;717.5
Niemcy;Davolio;2005-04-03;10976.0;912.0
Niemcy;Callahan;2005-04-10;10977.0;2233.0
Polska;Dudek;2005-04-23;10978.0;1303.19
Niemcy;Callahan;2005-03-31;10979.0;4813.5
Niemcy;Peacock;2005-04-17;10980.0;248.0
Niemcy;Davolio;2005-04-02;10981.0;15810.0
Niemcy;Fuller;2005-04-08;10982.0;1014.0
Niemcy;Fuller;2005-04-06;10983.0;720.9
Niemcy;Davolio;2005-04-03;10984.0;1809.75
Niemcy;Fuller;2005-04-02;10985.0;2023.38
Niemcy;Callahan;2005-04-21;10986.0;2220.0
Niemcy;Callahan;2005-04-06;10987.0;2772.0
Niemcy;Leverling;2005-04-10;10988.0;3574.8
Niemcy;Fuller;2005-04-02;10989.0;1353.6
Niemcy;Fuller;2005-04-07;10990.0;4288.85
Niemcy;Davolio;2005-04-07;10991.0;2296.0
Niemcy;Davolio;2005-04-03;10992.0;69.6
Polska;King;2005-04-10;10993.0;4895.44
Niemcy;Fuller;2005-04-09;10994.0;940.5
Niemcy;Davolio;2005-04-06;10995.0;1196.0
Niemcy;Peacock;2005-04-10;10996.0;560.0
Niemcy;Callahan;2005-04-13;10997.0;1885.0
Niemcy;Callahan;2005-04-17;10998.0;686.0
Polska;Sowiński;2005-04-10;10999.0;1197.95
Niemcy;Fuller;2005-04-14;11000.0;903.75
Niemcy;Fuller;2005-04-14;11001.0;2769.0
Niemcy;Peacock;2005-04-16;11002.0;1811.1
Niemcy;Leverling;2005-04-08;11003.0;326.0
Niemcy;Leverling;2005-04-20;11004.0;295.38
Niemcy;Fuller;2005-04-10;11005.0;586.0
Niemcy;Leverling;2005-04-15;11006.0;329.69
Niemcy;Callahan;2005-04-13;11007.0;2633.9
Niemcy;Fuller;2005-04-10;11009.0;616.5
Niemcy;Fuller;2005-04-21;11010.0;645.0
Niemcy;Leverling;2005-04-13;11011.0;933.5
Niemcy;Davolio;2005-04-17;11012.0;2825.3
Niemcy;Fuller;2005-04-10;11013.0;361.0
Niemcy;Fuller;2005-04-15;11014.0;243.18
Niemcy;Fuller;2005-04-20;11015.0;622.35
Polska;Dudek;2005-04-13;11016.0;491.5
Polska;Dudek;2005-04-20;11017.0;6750.0
Niemcy;Peacock;2005-04-16;11018.0;1575.0
Niemcy;Fuller;2005-04-16;11020.0;632.4
Niemcy;Leverling;2005-04-21;11021.0;6306.24
Niemcy;Davolio;2005-04-24;11023.0;1500.0
Niemcy;Peacock;2005-04-20;11024.0;1966.81
Polska;Sowiński;2005-04-24;11025.0;270.0
Niemcy;Peacock;2005-04-28;11026.0;1030.0
Niemcy;Davolio;2005-04-20;11027.0;877.72
Niemcy;Fuller;2005-04-22;11028.0;2160.0
Niemcy;Peacock;2005-04-27;11029.0;1286.8
Polska;King;2005-04-27;11030.0;12615.05
Polska;Sowiński;2005-04-24;11031.0;2393.5
Niemcy;Fuller;2005-04-23;11032.0;8902.5
Polska;King;2005-04-23;11033.0;3232.8
Niemcy;Callahan;2005-04-27;11034.0;539.4
Niemcy;Fuller;2005-04-24;11035.0;1754.5
Niemcy;Callahan;2005-04-22;11036.0;1692.0
Polska;King;2005-04-27;11037.0;60.0
Niemcy;Davolio;2005-04-30;11038.0;732.6
Niemcy;Leverling;2005-04-28;11041.0;1773.0
Niemcy;Fuller;2005-05-01;11042.0;405.75
Polska;Kowalski;2005-04-29;11043.0;210.0
Niemcy;Peacock;2005-05-01;11044.0;591.6
Niemcy;Callahan;2005-04-24;11046.0;1485.8
Polska;King;2005-05-01;11047.0;817.87
Polska;King;2005-04-30;11048.0;525.0
Niemcy;Leverling;2005-05-01;11052.0;1332.0
Niemcy;Fuller;2005-04-29;11053.0;3055.0
Niemcy;Callahan;2005-05-01;11056.0;3740.0
Niemcy;Leverling;2005-05-01;11057.0;45.0
